origin,departure,return_date,category,price_eur,outbound_minutes,inbound_minutes,outbound_stops,inbound_stops,airlines,link
FRA,2026-10-20,2026-11-04,nonstop,610.00,680,765,0,0,DE,https://www.google.com/travel/flights?q=Round+trip+flights+FRA+to+BKK+2026-10-20+return+2026-11-04+economy+one+adult&curr=EUR&hl=en
FRA,2026-10-20,2026-11-09,nonstop,610.00,680,770,0,0,DE,https://www.google.com/travel/flights?q=Round+trip+flights+FRA+to+BKK+2026-10-20+return+2026-11-09+economy+one+adult&curr=EUR&hl=en
FRA,2026-10-20,2026-11-10,nonstop,610.00,680,770,0,0,DE,https://www.google.com/travel/flights?q=Round+trip+flights+FRA+to+BKK+2026-10-20+return+2026-11-10+economy+one+adult&curr=EUR&hl=en
FRA,2026-10-21,2026-11-04,nonstop,610.00,680,765,0,0,DE,https://www.google.com/travel/flights?q=Round+trip+flights+FRA+to+BKK+2026-10-21+return+2026-11-04+economy+one+adult&curr=EUR&hl=en
AMS,2026-10-20,2026-11-03,layover,613.00,1245,960,1,1,EY,https://www.google.com/travel/flights?q=Round+trip+flights+AMS+to+BKK+2026-10-20+return+2026-11-03+economy+one+adult&curr=EUR&hl=en
AMS,2026-10-20,2026-11-04,layover,613.00,1245,960,1,1,EY,https://www.google.com/travel/flights?q=Round+trip+flights+AMS+to+BKK+2026-10-20+return+2026-11-04+economy+one+adult&curr=EUR&hl=en
AMS,2026-10-20,2026-11-05,layover,613.00,1245,960,1,1,EY,https://www.google.com/travel/flights?q=Round+trip+flights+AMS+to+BKK+2026-10-20+return+2026-11-05+economy+one+adult&curr=EUR&hl=en
AMS,2026-10-20,2026-11-06,layover,613.00,1245,960,1,1,EY,https://www.google.com/travel/flights?q=Round+trip+flights+AMS+to+BKK+2026-10-20+return+2026-11-06+economy+one+adult&curr=EUR&hl=en
FRA,2026-10-21,2026-11-04,layover,626.00,940,1020,1,1,GF,https://www.google.com/travel/flights?q=Round+trip+flights+FRA+to+BKK+2026-10-21+return+2026-11-04+economy+one+adult&curr=EUR&hl=en
FRA,2026-10-20,2026-11-04,layover,640.00,680,965,0,1,DE,https://www.google.com/travel/flights?q=Round+trip+flights+FRA+to+BKK+2026-10-20+return+2026-11-04+economy+one+adult&curr=EUR&hl=en
FRA,2026-10-20,2026-11-09,layover,640.00,680,965,0,1,DE,https://www.google.com/travel/flights?q=Round+trip+flights+FRA+to+BKK+2026-10-20+return+2026-11-09+economy+one+adult&curr=EUR&hl=en
FRA,2026-10-20,2026-11-10,layover,680.00,930,770,1,0,"DE, PG",https://www.google.com/travel/flights?q=Round+trip+flights+FRA+to+BKK+2026-10-20+return+2026-11-10+economy+one+adult&curr=EUR&hl=en
DUS,2026-10-23,2026-11-09,layover,688.00,1080,1030,1,1,QR,https://www.google.com/travel/flights?q=Round+trip+flights+DUS+to+BKK+2026-10-23+return+2026-11-09+economy+one+adult&curr=EUR&hl=en
DUS,2026-10-23,2026-11-11,layover,688.00,1080,1030,1,1,QR,https://www.google.com/travel/flights?q=Round+trip+flights+DUS+to+BKK+2026-10-23+return+2026-11-11+economy+one+adult&curr=EUR&hl=en
DUS,2026-10-23,2026-11-06,layover,701.00,1080,1030,1,1,QR,https://www.google.com/travel/flights?q=Round+trip+flights+DUS+to+BKK+2026-10-23+return+2026-11-06+economy+one+adult&curr=EUR&hl=en
AMS,2026-10-20,2026-11-03,nonstop,807.00,680,760,0,0,TG,https://www.google.com/travel/flights?q=Round+trip+flights+AMS+to+BKK+2026-10-20+return+2026-11-03+economy+one+adult&curr=EUR&hl=en
AMS,2026-10-21,2026-11-04,nonstop,807.00,680,760,0,0,TG,https://www.google.com/travel/flights?q=Round+trip+flights+AMS+to+BKK+2026-10-21+return+2026-11-04+economy+one+adult&curr=EUR&hl=en
AMS,2026-10-22,2026-11-05,nonstop,807.00,680,760,0,0,TG,https://www.google.com/travel/flights?q=Round+trip+flights+AMS+to+BKK+2026-10-22+return+2026-11-05+economy+one+adult&curr=EUR&hl=en
